Слово/фраза під питанням,Затверджена транслітерація/транскрипція,Аді Пуруша пр.,м. Світлана Богдан,Атмешвара пр,Тарас Ілик,,Бріджабасі прабгу
,"""Аґні Пурана""","""Аґні Пурана""",Аґні Пурана (всі назви ведичних священних писань пропоную писати без лапок і курсивом),"""Аґні Пурана"", або ""Аґні-пурана"". В англійській мові дійсно назви книг пишуться без лапок і курсивом. В українській пишуть звичайним шрифтом і в лапках. В українських перекладах ми виділяли курсивом санскритські терміни.","""Аґні Пурана""",,"З одного боку я за те, щоб писати назви священних писань без лапок (як прийнято в правописі культових книг - Біблія, Коран, тощо), але з іншого боку тоді треба визначатися які саме книги мають бути в цій категорії, а які - ні. Тому. можливо, доцільніше залишити все як є і писати в лапках всі санскритські/бенгальські назви творів."
адвайта-веданта ,адвайта-веданта - курсивом,адвайта-веданта,адвайта-веданта ,адвайта-веданта,,,адвайта-веданта
Aмаракоша,«Амаракоша»,"""Амаракоша""",Aмаракоша,"""Амаракоша""",,,див. перший рядок зверху
анірвачанія (санскритські слова також вирішили писати курсивом),анірвачанія,анірвачанія,анірвачанія (санскритські слова також пропоную писати курсивом),анірвачанія,,,"анірвачанія

NB: Всі слова з індійських мов (санскрит, бенгалі, хінді, тамільська, тощо) пропоную писати в тексті через я,є, ї, ю і з апострофом де треба, але в цитатах писати з діакритикою і через йа, йе, йі, йу і без апострофа."
антар’ямі,антар’ямі,антар’ямі,антар’ямі,"антар'ямі, але в цитованих віршах треба все ж присати не через я, а через йа.",,,антар’ямі
анупапатті,анупапатті,анупапатті,анупапатті,анупапатті,,,анупапатті
артхавада,артхавада,артхавада,артхавада,артхавада,,,"артгавада

Я прихильник послідовності і тому фонетична транслітерація викликає у мене несприйняття, оскільки така транслітерація все одно буде далекою від реальної вимови в бенгальській мові, наприклад. "
Aтхарваведа,«Атхарва Веда»,"""Атхарва Веда""",ЇїAтхарваведа,"""Атхарва-веда""","""Атхарва Веда""",,див. перший рядок зверху
ачар’я,ачар'я,ачар'я,ачар’я,ачар'я,,,
ачінтья-шакті,ачінтья-шакті,,ачінтья-шакті,ачінтья-шакті,,,
Бгавартха-діпіка,«Бгавартха-діпіка»,,Бгавартха-діпіка,«Бгавартха-діпіка«,,,див. перший рядок зверху
"Бгаґаван (займенники з великої – Він, Його…)","Бгаґаван (займенники з великої – Він, Його…)","Бгаґаван (займенники з великої – Він, Його…)","Бгаґаван (займенники з великої – Він, Його…)","Бгаґаван (займенники з великої – Він, Його…)",,,
Бгаґавата Пурана,«Бгаґавата Пурана»,"""Бгаґавата Пурана""",Бгаґавата Пурана,"""Бгаґавата-пурана"", якщо ""Бгаґавад-ґіта"", то має вже бути і ""Бгаґавата-пурана"", і ""Атхарва-веда"".",,,див. перший рядок зверху
Бгаґавата-сандарбга,«Бгаґавата-сандарбга»,"""Бгаґавата-сандарбга""",Бгаґавата-сандарбга,"""Бгаґавата-сандарбга""",,,див. перший рядок зверху
Бгаґават-сандарбга (див. попередній пункт: це два різні тексти!),«Бгаґават-сандарбга» (див. попередній пункт: це два різні тексти!),"""Бгаґават-сандарбга""",Бгаґават-сандарбга (див. попередній пункт: це два різні тексти!),"""Бгаґават-сандарбга""",,,див. перший рядок зверху
Бгаґавата-татпар’я-нірная ,«Бгаґавата-татпар’я-нірная»,,Бгаґавата-татпар’я-нірная ,"""Бгаґавата-татпар'я-нірная""",,,див. перший рядок зверху
Бгаґавад-ґіта ,«Бгаґавад-ґіта»,"""Бгаґавад-ґіта""",Бгаґавад-ґіта ,"""Бгаґавад-ґіта""",у лапках,,див. перший рядок зверху
бгакті,бгакті,бгакті,бгакті,бгакті,,,
Бгакті-расамріта-сіндгу ,«Бгакті-расамріта-сіндгу»,"""Бгакті-расамріта-сіндгу""",Бгакті-расамріта-сіндгу ,"""Бгакті-расамрита-сіндгу"", буква р з крапочкою - це все ж таки ""ри"", а не ""рі"". ",,,див. перший рядок зверху
Бгакті-ратнакара ,«Бгакті-ратнакара»,,Бгакті-ратнакара ,"""Бгакті-ратнакара""",,,див. перший рядок зверху
Бгакті-сандарбга ,«Бгакті-сандарбга»,"""Бгакті-сандарбга""",Бгакті-сандарбга ,"""Бгакті-сандарбга""",,,див. перший рядок зверху
Бгактіведанта Свамі Прабгупада Абгай Чаранаравінда ,Бгактіведанта Свамі Прабгупада Абгай Чаранаравінда ,,Бгактіведанта Свамі Прабгупада Абгай Чаранаравінда ,Бгактіведанта Свамі Прабгупада Абгай Чаранаравінда ,,,
Бгаллавея-шруті,"«Бгаллавея-шруті» (-сутра, -смріті, -шруті пишемо через дефіс із писанням)",,Бгаллавея-шруті,"""Бгаллавея-шруті""",,,див. перший рядок зверху
Брахма-сутра,«Брахма-сутра»,"""Брахма-сутра""",Брагма-сутра,"""Брагма-сутра""","""Брахма-сутра""",,див. перший рядок зверху
"шруті, смріті","шруті, смріті, сутра (якщо це окреме слово в тексті, то курсивом)",,,,,,
Брахман,"Брахман, також - Брахма, «Брахма-самхіта»",Брахман,Брагман,Брагман,Брахман,,
Брігатсама,«Бріхат-сама»,,Брігатсама,"""Бригат-сама""",,,див. перший рядок зверху
Вайкунтха,Вайкунтха,,Вайкунтха,Вайкунтха,,,
Вайшнава чи вайшнав,вайшнав,,,,,,
вайшнавізм,вайшнавізм,вайшнавізм,вайшнавізм,вайшнавізм,,,
Вайю,Ваю,Ваю,Вайю,Ваю,Ваю ,,
Валлабга Бгатта,Валлабга Бгатта,,Валлабга Бгатта,Валлабга Бгатта,,,
Ванамалілала Ґосвамі ,Ванамалілала Ґосвамі ,,Ванамалілала Ґосвамі ,Ванамалілала Ґосвамі ,,,
Варуна,Варуна,,Варуна,Варуна,,,
Васудева,Васудева,,Васудева,"Якщо мова про батька Кришни, то Васудева, якщо ж мова про Кришну, то треба все ж таки писати через довге а з рисочкою зверху (або через подвійне а - Ваасудева), щоби не плутати.",,,
Вачаспаті Мадгусудана,Вачаспаті Мадгусудана,,Вачаспаті Мадгусудана,,,,
веданта (філософська школа),веданта (філософська школа) - курсивом,,веданта (філософська школа),Веданта,,,
"""Веданта-сутра"" (текст)",«Веданта-сутра» (текст),,,,,,
Веданта Дешіка ,Веданта Дешіка (святий з Шрі-сампрадаї),,Веданта Дешіка ,,,,
Ведартга Самґраха,«Ведартха Санґраха»,В-Самґраха,Ведартга Самґрага,"""Ведартха Самґрага"", придих після глухого звуку т має позначатися буквою х.",,,див. перший рядок зверху
Веди,Веди,,Веди,,,,Веди
Відура,Відура,,,,,,
відья/від'я,відья,,,,,,
Вішвамітра Муні,Вішвамітра Муні,,,,,,
вішішта-адвайта ,вішішта-адвайта ,вішішта-адвайта ,вішішта-адвайта ,,,,
Вішну,Вішну,Вішну,Вішну,Вішну,,,
,«Вішну Пурана»,"""Вішну Пурана""",Вішну Пурана ,"""Вішну-пурана""",,,див. перший рядок зверху
Вішну Пурі ,Вішну Пурі ,,Вішну Пурі ,Вішну Пурі,,,
Вріндаван,Вріндаван,Вріндаван,,,,,
В’яса (ім’я),В’яса (ім’я),,В’яса (ім’я),В'яса,,,
Хамса-ґух’я-става,«Хамса-ґух’я-става»,,Гамсаґуг’ястава,,,,
Хануман,Хануман,,,Гануман,"Хануман, за тим же принципом Харе",,
Харе Крішна Маха-мантра,маха-мантра Харе Крішна ,,,Гаре Кришна Мага-мантра,Харе Крішна Маха-мантра,,
Ґаруда Пурана ,«Ґаруда Пурана»,,Ґаруда Пурана ,"""Ґаруда-пурана""","""Ґаруда Пурана""",,див. перший рядок зверху
ґаудія-вайшнавізм,"ґаудія-вайшнавізм, ґаудія-вайшнави",,ґаудія-вайшнавізм,,,,
Ґаудія-матх,Ґаудія-матх,,,,,,
Ґаятрі ,"Ґаятрі (це про особу, але мантра ґаятрі)",,Ґаятрі ,,,,
Ґітопанішад,«Ґітопанішада»,,Ґітопанішад,,,,див. перший рядок зверху
Ґовінда,Ґовінда,Ґовінда,,,,,
Ґовінда-бгаш’я,«Ґовінда-бгаш’я»,,Ґовінда-бгаш’я,,,,див. перший рядок зверху
Ґолока,Ґолока,,Ґолока,Ґолока,,,
Ґопала Бгатта Ґосвамі,Ґопал Бгатта Ґосвамі,,Ґопала Бгатта Ґосвамі,Ґопала Бгатта Ґосвамі,,,
Ґопала-чампу,«Ґопал-чампу»,,Ґопалачампу,,,,див. перший рядок зверху
ґуни,"ґуни (саттва-ґуна, раджо-ґуна, тамо-ґуна)",,,,,,
Ґ`яна,ґ'яна (в санскритських віршах - джн̃а̄на),,,"В Індії всюди кажуть ґйана, і я не знаю звідки взялася та джняна. Та й узагалі треба всюди те джнь міняти на ґй. Моя пропозиція така: в цитованих віршах має бути ґйана, а в тексті коментарів ґ'яна",ґ'яна (ґйана суперечить історичному принципу правопису),,
Дана-дгарма,Дана-дгарма (розділ із «Махабгарати»); дана-дгарма (правила і благословення від роздачі пожертв),,Дана-дгарма,,,,див. перший рядок зверху
дайт'ї,дайтьї,дайт'ї,,,,,
Двапара-юґа,Двапара-юґа,,,,,,
дгарма,дгарма,,дгарма,дгарма,,,
Джаґаннатха,Джаґаннатх,Джаґаннатх,Джаґаннатха,Джаґаннатха,,,
"джіва (загальна назва – в значенні «душа, жива істота»)",джіва,,"джіва (загальна назва – в значенні «душа, жива істота»)",джіва,,,
Джіва Ґосвамі, Джіва Ґосвамі,,Джіва Ґосвамі,Джіва Ґосвамі,,,
джняна (знання),ґ'яна (в санскритських віршах - джн̃а̄на),ґ'яна,джняна (знання),"У санскритських віршах ґйана, в коментарях ґ'яна.","ґ'яна (ми ж усі кажемо ""ґ'янанджана шалакая""???)",,
ітіхаса,ітіхаса,,ітігаса,ітігаса,ітіхаса,,
Ішвара,Ішвара,,Ішвара,ішвара,,,
йоґа,"йоґа, йоґ",,йоґа,йоґа,,,
Йоґа-сутри ,«Йоґа-сутри»,,Йоґа-сутри ,,"""Йоґа-сутри""",,див. перший рядок зверху
карма-канда,карма-канда,карма-канда,карма-канда,,,,
кайвал'я чи кайвалья (kaivalya),кайвалья,кайвал'я,,,,,
Каші,Каші,,Каші,Каші,,,
Калі-юґа,Калі-юґа,,,,,,
"Крішна (займенники з великої – Він, Його…)","Крішна (особові, присвійні, зворотний займенники з великої – Він, Його…)",,"Крішна (займенники з великої – Він, Його…)","Кришна, бо р з крапочкою має звучати як ""ри"".",,,
"Крішни-Баларами храм, Крішна-Баларама Мандір ","Крішни-Баларами храм, Крішни-Баларами мандір ",,,Храм Кришна-Баларами,https://mon.gov.ua/storage/app/media/zagalna%20serednya/%202019.pdf (сторінка 133),,
Крішнадаса Кавіраджа,Крішнадас Кавірадж,,Крішнадаса Кавіраджа,Кришнадаса Кавіраджа,Крішнадас Кавірадж (бо -дас і -радж),,
Крішнадаса Адгікарі ,Крішнадас Адгікарі ,Крішнадаса Адгікарі ,Крішнадаса Адгікарі ,"Кришнадаса Адгікарі 
",,,
Крішна-сандарбга,«Крішна-сандарбга»,,Крішна-сандарбга,"""Кришна-сандарбга""",,,див. перший рядок зверху
Кумар чи Кумара,Кумар,,,,,,
Лаґгу-бгаґаватамріта ,«Лаґгу-бгаґаватамріта»,Лаґгу-бгаґаватамріта ,Лаґгу-бгаґаватамріта ,,,,див. перший рядок зверху
Лакшмі,Лакшмі,,Лакшмі,Лакшмі,,,
ліла,ліла,,ліла,ліла,,,
Магабгарата (без лапок),«Махабгарата»,"""Махабгарата""",Магабгарата (без лапок),,"""Махабгарата""",,див. перший рядок зверху
маха-вак’я,маха-вак’я,маха-вак’я,мага-вак’я,,,,
Маха-Вішну,Маха-Вішну,,,,,,
Махапрабгу,Махапрабгу,,,,,,
махапрасад,махапрасад,,,,,,
Махарадж,"Махарадж (у складі імені - з великої, як загальна назва - з маленької)",Махарадж,,,Махарадж / Махараджа - треба узгодити,,
мага̄тма,махатма,махатма,,"Пан Дмитро Бурба пише:
Дехто досі не наважується писати українською, наприклад, «магатма» (а не «махатма»), вважаючи таке написання новим і незвичним. Але насправді воно не нове. Розгонувши енциклопедичний словник Брокгауза й Ефрона (видавався російською мовою з 1890-го до 1907 року), побачимо:
Магабхарата 291–292
Магабхашья 292
Магаванша 292
Магадева 292
Магадеви 292
Магадха 292
Магакала 298–299
Магапралая 299
Магапураны 299
Магапуруша 299
Магараджа 299
Магаратты 299
Магарши 300
Магараштра 300
Магаюга 300
Насправді в російській мові просто немає літери для позначення звука [ɦ]. Тому росіяни передають його або літерою «х» (звук [х]), або літерою «г» (але в рос. мові це звук [g]). Смішний приклад: прізвище відомого письменника Huxley росіяни пишуть як «Хаксли», а прізвище його діда, відомого біолога, — «Гексли».",,,
Мадгусудана Сарасваті,Мадгусудана Сарасваті,Мадгусудана Сарасваті,Мадгусудана Сарасваті,,,,
Мадгва ,Мадгва ,Мадгва ,Мадгва ,Мадгва,,,
майя,мая,мая,майя,мая,майя (затверджений остаточний варіант суперечить історичному принципу парвопису!),,
майяваді (невідмінюване слово),маяваді,маяваді,майяваді (невідмінюване слово),"маяваді, за новим українським правописом букву й можна не писати.",,,
Матсья Пурана,«Матсья Пурана»,,Матсья Пурана,"""Матсья-пурана""","""Матсья Пурана""",,див. перший рядок зверху
Матхура,Матхура,,Матхура,Матхура,,,
мімамса,міманса,міманса,мімамса,,,,
Нарада,Нарада,,Нарада,Нарада,,,
Нараяна,Нараяна,,Нараяна,Нараяна,,,
тма-бгӯ/атма-бгух/атма-бґух/атма-бґуг,атма-бгу,атма-бгу,,Нітьянанда,,,
Нітьянанда,Нітьянанда,,Нітьянанда,,,,
Параматма,Параматма,,Параматма,"Параматма, але я б усе ж радив подумати про Параматман.",,,
Параматма-сандарбга,«Параматма-сандарбга»,,Параматма-сандарбга,,,,див. перший рядок зверху
Парікшіт,Парікшіт,,Парікшіт,,,,
према,према,,према,према,,,
Пріті-сандарбга,«Пріті-сандарбга»,,Пріті-сандарбга,,,,див. перший рядок зверху
,,,,,,,
,,,,,,,
пурани (як загальна назва писань),"Пурани, Самхіти, Упанішади, Ітіхаси, Араньяки (назви священних писань пишемо з великої літери, але «Брахма-самхіта»)",,пурани (як загальна назва писань),пурани,,,
Радга,Радга,Радга,Радга,Радга,,,
Радга-Дамодари храм,"Радги-Дамодари храм (якщо складники є іменниками, то відмінюємо обидві частини: Жана-Жака, Крішни-Баларами; інші випадки розглядатимемо окремо)",Радга-Дамодари храм,Радга-Дамодари храм,,"Ач'юта Прія, Адвайта Ачар'я, харінама-санкіртана",,
Рамананда Рай,"Рамананда Рай, Р.в. - Рамананди Рая",,Рамананда Рай,Рамананда Рай,,,
Рамануджа,Рамануджа,,Рамануджа,Рамануджа ,,,
Рамаяна,«Рамаяна»,,Рамаяна,"""Рамаяна""",,,див. перший рядок зверху
Ранґачар’я,Ранґачар’я,Ранґачар’я,Ранґачар’я,Ранґа-ачар'я,,,
Ріґведа,«Ріґ Веда»,"""Ріґ Веда""",Ріґведа,"""Риґ-веда""",Ріґ Веда,,див. перший рядок зверху
риші,ріші,ріші,,риші,ріші,,
Рупа Ґосвамі,Рупа Ґосвамі,,Рупа Ґосвамі,Рупа Ґосвамі,,,
Сахасра-нама-стотра,«Сахасра-нама-стотра»,Сахасра-нама-стотра,Сагасра-нама-стотра,,,,див. перший рядок зверху
садгана,садгана,садгана,садгана,садгана,,,
Самаведа,«Сама Веда»,,Самаведа,"""Сама-веда""",Сама Веда,,див. перший рядок зверху
самадгі,самадгі,самадгі,,,,,
Санатана Ґосвамі,Санатана Ґосвамі,Санатана Ґосвамі,Санатана Ґосвамі,,,,
санкх’я,санкх’я,,санкх’я,,,,
саньясі (невідмінюване слово),"санньясі, санньяса ",,саньясі (невідмінюване слово),,санньясі,,
Сарва-самвадіні,«Сарва-самвадіні»,Сарва-самвадіні,Сарва-самвадіні,,,,див. перший рядок зверху
Сатья-юґа,Сатья-юґа,,,,,,
саюдж'я чи саюджья (мукті),саюдж'я,,,,,,
Сварупа Дамодара Ґосвамі ,Сварупа Дамодара Ґосвамі ,,Сварупа Дамодара Ґосвамі ,,,,
Сканда Пурана,«Сканда Пурана»,,Сканда Пурана,"""Сканда-пурана""",,,див. перший рядок зверху
смріті,смріті (див. п. 26),,смріті,смриті,,,
Сута Ґосвамі,Сута Ґосвамі,,Сута Ґосвамі,Сута Ґосвамі,,,
Таттва-сандарбга,«Таттва-сандарбга»,"""Таттва-сандарбга""",Таттва-сандарбга,,,,див. перший рядок зверху
Трета-юґа,Трета-юґа,Трета-юґа,,,,,
Уджвала-ніламані,«Удджвала-ніламані» ,"""Удджвала-ніламані"" (два дж, Ujjvala)",Уджвала-ніламані,"""Уджвала-ніламані""",,,див. перший рядок зверху
упакрама-паракрама,упакрама-паракрама,,упакрама-паракрама,,,,
Харі-намамріта-в’якарана,"""Харі-намамріта-в’якарана"" ","""Харі-намамріта-в’якарана""",Харі-намамріта-в’якарана,"""Гарі-намамрита-в'якарана""",,,див. перший рядок зверху
Харі Шанкара дас,Харі Шанкара дас,,Харі Шанкара дас,"Гарі Шанкара дас, бо якщо дійшли згоди, що ""Магабгарата"", то вже за тою самою логікою має бути Гарі.",,,
Хатха йога,хатха-йоґа,,,,,,
Хіран'якашіпу,Хіраньякашіпу,Хіран'якашіпу,,Гіраньякашіпу,,,
Хрішікеша,Хрішікеша,,Хрішікеша,,,,
"Чайтанья (займенники, що стосуються цього імені, писали з великої – Він, Його…) ",Чайтанья,,"Чайтанья (займенники, що стосуються цього імені, писали з великої – Він, Його…) ",Чайтанья,,,
Чайтанья-чандродая-натака,«Чайтанья-чандродая-натака»,,Чайтанья-чандродая-натака,,,,див. перший рядок зверху
Чайтанья-чарітамріта,«Чайтанья-чарітамріта»,,Чайтанья-чарітамріта,"""Чайтанья-чарітамрита""",,,див. перший рядок зверху
чайт'я,чайтья,,,,,,
Чанак’я Пандіт,Чанак’я Пандіт,Чанак’я Пандіт,,,,,
Чгандоґ’я-упанішада,«Чхандоґ’я-упанішада»,,Чгандоґ’я-упанішада,"""Чхандоґ'я-упанішада"", звук ч глухий, тому придих після нього має позначатися буквою х.",,,див. перший рядок зверху
шакті,шакті,,шакті,шакті,,,
Шанкара,Шанкара,,Шанкара,Шанкара,,,
Шат-сандарбга,«Шат-сандарбга»,Шат-сандарбга,Шат-сандарбга,,,,див. перший рядок зверху
Шветашватара-упанішада,«Шветашватара-упанішада»,"""Шветашватара-упанішада""",Шветашватара-упанішада,"""Шветашватара-упанішада""",,,див. перший рядок зверху
Taittirīya Upanişad,«Тайттірія-упанішада»,,,,,,
Шіва,Шіва,Шіва,Шіва,Шіва,,,
Шрібгаш’я,«Шрі-бгаш’я»,"""Шрі-бгаш’я"" (без курсиву і в лапках, це назва книжки",Шрібгаш’я,,,,див. перший рядок зверху
Шрідгара Свамі,Шрідгар Свамі,Шрідгара Свамі,Шрідгара Свамі,Шрідгара Свамі,,,
брахма-рандгра,брахма-рандгра,брахма-рандгра,,,,,
Шрімад-Бгаґаватам,«Шрімад-Бгаґаватам»,"""Шрімад-Бгаґаватам""",Шрімад-Бгаґаватам,"""Шрімад-Бгаґаватам""",,,див. перший рядок зверху
Шукадева Ґосвамі,Шукадева Ґосвамі,Шукадева Ґосвамі,Шукадева Ґосвамі,Шукадева Ґосвамі,,,
Яджурведа,«Яджур Веда»,"""Яджур Веда""",Яджурведа,"""Яджур-веда""",Яджур Веда (наголошуємо на Веді),,див. перший рядок зверху
маха,маха,,,мага,,,
Харе,Харе,,,"Все ж таки має бути ""Гаре"". На сайті ""Український індолог"", створеному під патронатом Інституту Сходознавства, є українська практична транслітерація. Вставляєте там Hare й отримуєте Гаре. Ось, попробуйте: http://indology.ho.ua/converter-t.html?fbclid=IwAR0LvisJFQihM59rwEkR2nus5k5y9Redjhn4_todKs96FnqZdFYCewAXsrE",,,
,юґа,,,,,,
Юдгіштхіра,Юдгіштхіра,,,,,,
Яґ'я,"Яґ'я (ім'я Господа),  яґ'я (жертвоприношення) - Р.в. множини яґій","Яґ'я (коли ім'я), яґ'я (коли жертвопринесення)",,"в тексті ""яґ'я"", а в санскритських віршах ""яґйа""",,,
,анасуя,,,,,,
,садгу,,,,,,
,прабгу,,,,,,
,кармі,,,,,,
,арча-віґраха,,,,,,
,мудга,,,,,,
,ґуру,,,,,,
Арчіша,Арчіша,,Арчіша,,,,
Васіштха,Васіштха,,Васіштха,,,,
Вальмīкі,Валмікі,,,,,,
відьядгара,"відьядгара, мн. відьядгари, Р.в. мн. відьядгар",,Відьядгара,,,,
ґопі,ґопі,,ґопі,,,,
Дг’яна,дг’яна,,Дг’яна - без курсиву,,,,
Джаґаннатх Пурі (+ М.в.?),Джаґаннатх Пурі (у М.в. це поєднання слів залишаємо незмінним - у Джаґаннатх Пурі),,Джаґаннатх Пурі - без курсиву,,,,
дів’я-юґа,дів’я-юґа,,дів’я-юґа,,,,
Наймішаранья,Наймішаранья,,Наймішаранья,,,,
пара-пракріті,пара-пракріті,,,,,,
«Прабгаса-кханда»,«Прабгаса-кханда»,,«Прабгаса-кханда»,,,,
Сатьялока,Сатьялока,,,,,,
Брахмалока,Брахмалока,,,,,,
пара-вйом,пара-вйома,,,,,,
Вайкунтхалока,Вайкунтхалока,,,,,,
вібгӯті-бгіннам,вібгуті-бгіннам,,,,,,
Бгарата,Бгарата,,,,,,
брахма-рандгра,брахма-рандгра,,,,,,
Сіддгалока,Сіддгалока,,,,,,
бгава,бгава,,,,,,
Прітху,Прітху,,,,,,
Махавīра,Махавіра,,,,,,
Шрі Мадгвачар’я,Шрі Мадгвачар’я,,,,,,
пурушоттама,Пурушоттама,,,,,,
Бгуварлока,Бгуварлока,,,,,,
Махарлока,Махарлока,,,,,,
авідья,авідья,,,,,,
ванапрастха,ванапрастха,,,,,,
дгама,дгама,,,,,,
Деварші Нарада,Деварші Нарада,,,,,,
Ґарбгодакашаї Вішну,Ґарбгодакашаї Вішну,,,,,,
Шрі Ваджранґаджі,Шрі Ваджранґаджі,,,,,,
ач'юта-катга,ач'юта-катха,,,,,,
Джаґая/Джагая,Джаґай,,,,,,
Мадгая/Мадґая,Мадгай,,,,,,
Каранодакашаї Вішну,Каранодакашаї Вішну,,,,,,
тма-бгӯ\атма-бгух\атма-бґух\атма-бґуг,атма-бгу,,,,,,
нітйа\нітйам\ніт'ям,нітьям,,,,,,
апад-дгарма,апад-дгарма,,,,,,
ніт'я-мукта,нітья-мукта,,,,,,
Харідас Тгакур ,Харідас Тхакур,,,,,,
Каустубга,Каустубга,,,,,,
"брахман чи брахмана, Тхакур чи Тхакура?","брахман, Тхакур",,,,,,
адѓятміка,адг'ятміка,,,,,,
Говардхан,Ґовардган,,,,,,
Ганга\Ґанґа,Ґанґа,,,,,,
Бгактісіддганта\Бгактісіддханта,Бгактісіддганта,,,,,,
Шріла Вішванатга Чакраварті Tгакура\Шріла Вішванатха Чакраварті Tхакура,Шріла Вішванатх Чакраварті Tхакур,,,,,,
Бріхаспаті/Брігаспаті,Бріхаспаті,,,,,,
Кг'яті (кгйатйам) \ Кх'яті,Кх'яті,,,,,,
Sumalya,Сумалья,,,,,,
даіт'я,дайтья,,,,,,
нітья-ліла,нітья-ліла,,,,,,
yugavatara (разом чи через дефіс)?,юґаватара,"через дефіс не можна, бо це юґа-аватара",,,,,
Праджапаті (велика чи мала літера),Праджапаті (якщо це посада - праджапаті ),,,,,,
brahmacarya (1. процес 2. людина); практикувати /брахмачар'ю/?,"1. брахмачар'я (процес) 
2. брахмачарі (людина)","людина не може бути брахмачар'я, бо людина брахмачарі",,,,,
śrotṝn, шротрін (у віршах - з діакритикою),"в книжках немає ніде жодного разу (окрім віршів та цитат), але це був би шротрін. У віршах - з діакритикою",,,,,
Buddha,Будда,,,,,,
Badarikāśrama,Бадарікашрам,,,,,,
Махарадж Набгаґа і На̄бга̄ґа (імена батька і сина) - в 9 пісні 4 главі - як розрізняти?,Набгаґа і На̄бга̄ґа - розрізнення через діакритику; аналогічно - Ва̄судева і Васудева,"Тота Ґопінатх пропонує писати ""Наабгааґа"", і так для всіх довгих :), але можемо залишити з діакритикою, як для Ва̄судеви",,,,,
,Каш'япа Муні,,,,,,
,Бгріґу Муні,,,,,,
дакшіна,дакшіна,дакшіна,,,,,
Tapoloka,Таполока,,,,,,
Дварака Пурі,Дварака Пурі (обидва слова невідмінювані),,,,,,
Сударшана чакра,"Сударшана-чакра - ж.рід, диск Сударшана - ч.р. (використовуємо обидва варіанти, Сударшана-чакра відмінюємо тільки другу частину, диск Сударшана - відмінюємо обидва слова; НЕ використовуємо ""диск Сударшана чакра"")",,,,,,
Rāma-rājya ,рама-радж'я,,,,,,
kṛṣṇa-bhakti,крішна-бгакті,,,,,,
śaktyāveśa-avatāra,шактьявеша-аватара,,,,,,
Бгарата-варша,Бгарата-варша,,,,,,
Кетумала-варша,Кетумала-варша,,,,,,
Вана-парва,"Вана-парва («Махабгарата», Вірата-парва, 1.3)",,,,,,
Аді-ліла,Аді-ліла,,,,,,
дасья,дасья,,,,,,
тапасья,тапасья,,,,,,
"""Шрімад Бгаґавад-Ґіта"" чи Шрімад ""Бгаґавад-Ґіта""?",«Шрімад Бгаґавад-ґіта»,,,,,,
ґандгарв,ґандгарв; у Р.в. мн. пишемо закінчення -ів,,,,,,
яван,яван; у Р.в. мн. пишемо закінчення -ів,,,,,,
Кулашекхара,Кулашекхара,,,,,,
«Mукунда-мала-стотра»,«Mукунда-мала-стотра»,,,,,,
Прачінабархішат,Прачінабархішат,,,,,,
пандіт,пандіт,,,,,,
ямадут,ямадут,,,,,,
вішнудут,вішнудут,,,,,,
Ayodhy - Айодг'я?,Айодг'я,,,,,,
"«Бріхад-вайшнав Тантра», тому що ""вайшнав"", або «Бріхад-вайшнава Тантра»?",«Бріхад-вайшнава Тантра»,,,,,,
Аюр-веда / аюрведа,аюрведа,,,,,,
бгакті-йоґа - курсив?,бгакті-йоґа (слова зі складником -йоґа пишемо курсивом),,,,,,
Nārāyaṇa-kavaca,«Нараяна-кавача» (усі інші -кавачі також пишемо аналогічно з дефісом у лапках),,,,,,
Aidavidi ,Айдавіді,,,,,,
Daśāvatāra-stotra,«Дашаватара-стотра»  (за аналогією з -кавача пишемо всі частинки -стотра з дефісом: «Туласі-стотра»),,,,,,
"написання слів, до яких входить елемент ""-аватара"". 
Чи правильно, що ми пишемо разом тільки ""юґаватара"", а ""ґуна-аватара"", ""ліла-аватара"", ""манвантара-аватара"" тощо через дефіс?","-аватара (пишемо з дефісом, окрім слова юґаватара)",,,,,,
Аллах чи Аллаг?,Аллаг,,,,,,
Дакша-яґ’я ? (де курсив?),яґ’я Дакші / Дакшина яґ’я / Дакша-яґ’я ,,,,,,
маха-бгаґавата (курсив?),маха-бгаґавата,маха-бгаґавата,,,,,
Vaiyāsaki,Вайясакі,"тут поєднується ""й"" із Ваі і ""я"" ",,,,,
"Відьядгара-лока, Кімпуруша-лока","Відьядгара-лока, Кімпуруша-лока

(якщо у слові 4 склади й більше, то пишемо з дефісом, у простих словах пишемо разом (Сатьялока, Бгурлока))                                    Дефіс ставимо в тих випадках, коли слова довгі і їх важко вимовляти",,,,,,
Дашама-скандга - лапки?,Дашама-скандга,"Десяту пісню ми не пишемо в лапках, тому і Дашама-скандгу можна без. Це не назва твору, а щось ніби ""в десятому розділі"", тільки на санскриті.",,,,,
«Брахма-ваіварта-пурана»,«Брахма-вайварта Пурана»,,,,,,
Чір  Ґхата / Чір-ґхата,Чір-ґгат,,,,,,
ачінтья-бгедабгеда-таттва («бгеда-абгеда»? ),ачінтья-бгеда-абгеда-таттва,,,,,,
гіпі / хіпі,хіпі,,,,,,
гінді / хінді,гінді,,,,,,
мітологія / міфологія,міфологія,,,,,,
"Є слово ""Джай"" чи тільки ""Джая""?     ","Джая, Віджая – особи; З.в. - Джаю, Віджаю
джай, джая – як вигук (Слава!) використовуємо обидва варіанти",,,,,,
Александр Великий ,Олександр Македонський ,,,,,,
Ghata (сходи до річки чи ставка),ґгат (Р.в. ґгата),,,,,,
ґріхастха,ґріхастха,,,,,,
Брахма-карма (курсив?),брахма-карма,,,,,,
"брахмані (дружина брахмана) - курсив? п. 219 - брахман - без курсиву, вкладка ""Іменники на -а"" - курсивом","брахман, брахмані",,,,,,
Двапара (якщо слово окремо - курсив?),"Двапара, Калі, Сатья, Трета – якщо це окреме слово, то пишемо з великої літери без курсиву, бо це особа",,,,,,
Калі чи Калі (епоха Калі ? курсив),Калі ,,,,,,
мантра - курсив?,мантра,,,,,,
карма - курсив?,"карма (у складі термінів-композитів пишемо курсивом: прарабдга-карма, карма-йоґа)",,,,,,
Mалаядгваджа,Mалаядгваджа,,,,,,
Вайдарбгі,Вайдарбгі,,,,,,
відгі-марґ,відгі-марґ,,,,,,
раґа-марґ,раґа-марґ,,,,,,
sakhyam (рівень спонтанного відданого служіння: /сакѓям/ ),"сакх'я (коли це цитата у вірші, де є інші санскритські слова, то пишемо сакх'ям)",,,,,,
Аґастья,Аґастья,,,,,,
Дрідгач’юта,Дрідгач’юта,,,,,,
Ідгмаваха,Ідгмаваха,,,,,,
нірджана-бгаджан (+ просто - бгаджан),нірджан-бгаджан,,,,,,
"""Ґурв-аштака""","""Ґурваштака""",,,,,,
"Назви сампрадай пишемо курсивом? (як-от Брахма-сампрадая, Рудра-сампрадая, Шрі-сампрадая та Кумар-сампрадая тощо). Бо просто сампрадая-курсивом.",Брахма-сампрадая,,,,,,
ШБ 1.18.19 написання слова ананта. З якої літери та з курсивом чи без правильно писати слово в другій частині послівного та в літературному перекладі?,Ананта,Ананта,,,,,
екадаші,екадаші,,,,,,
туласі,"особистість - Туласі; якщо про рослину, то туласі (н.п. дерево туласі)",,,,,,
"ґурукула, школа-ґурукула","ґурукула, школа-ґурукула",,,,,,
"weapons like swords, lances, bows, prāsas, ṛṣṭis, śakti arrows, khaḍgas and tomaras (Назви видів зброї праші, стріли шакті, кхадґи і томари пишемо курсивом?)",ці терміни пишемо курсивом: стріли шакті,,,,,,
"Vāyavīya Tantra пишемо ""Ваявія Тантра"" чи ""Ваявія-тантра""? (ШБ 1.1.4)","""Ваявія Тантра""",,,,,,
"пишемо ""Колката"" відповідно до рішення від 1 січня 2001 року про зміни назву міста з ""Калькутта"" на ""Колката""?",Калькутта,,,,,,
 Yauvanāśva,Яуванашва,Яуванашва,,,,,
"Написання слова Dvaraka-dhama. В оригіналі спочатку через дефіс, потім Dvarakadhama разом. Ми пишемо Дварака-дгама усюди через дефіс? Також - Vaikuntha-dhama, Vrajadhama","слова з частиною -дгама пишемо з дефісом: Дварака-дгама, Вайкунтха-дгама, Враджа-дгама (без курсиву)","Так, через дефіс",,,,,
брахмаджйоті,брахмаджйоті,,,,,,
Makhana-cora ,Макхан-чор,,,,,,
"Назви каменів vaidūrya-maṇi, marakata-maṇi писати курсивом чи ні? В англ. варіанті в послівному курсивом, а потім ні.","вайдур'я-мані, мараката-мані",,,,,,
брахмастра,брахмастра,,,,,,
місяць чайтра,"індійські місяці пишемо з малої літери курсивом: чайтра, вайшакх, дж’єшта, ашадг, шраван, бгадрапад, ашвін, картік, марґашірш, пауш, маґг, пхалґун. Винятком є вайшнавські назви місяців: місяць Дамодара, Кешава тощо","індійські місяці пишемо з малої літери курсивом: чайтра, вайшакх, дж’єшта, ашадг, шраван, бгадрапад, ашвін, картік, марґашірш, пауш, маґг, пхалґун. Винятком є вайшнавські назви місяців: місяць Дамодара, Кешава тощо",,,,,
Uttarā was the daughter... Уттара? ,Уттара,"Можна принцесу транслітерувати як ""Уттарā"".",,,,,
Mahārāja Uttara was the son ... Махарадж Уттар?,Уттара,"Обидва ""Уттара""",,,,,
"запитання щодо транслітерації буквосполучення ""ai"".
За таблицею транслітерації  ""ai"" - це ""ai"". 
Однак пишемо Caitanya - Чайтанья, caitra - чайтра. 
Можете, будь ласка, пояснити це, якщо є закономірність. ","Транслітеруємо аі (у послівному перекладі й віршах), транскрибуємо ай (в українському тексті, тобто в поясненнях і перекладах; в адаптованих санскритських словах): ваікунтха (санскритська частина послівного перекладу) - Вайкунтха (адаптоване слово)","Взагалі в санскриті ""аі"" - окрема літера. Це дифтонг, і ми його траслітеруємо як ""ай""",,,,,
Гарґа Муні,Ґарґа Муні,,,,,,
"яка правильна форма Р.в. імені ""Джаґаннатх Мішра"" - ""Джаґаннатх Мішри"" чи ""Джаґаннатха Мішри""?",Джаґаннатх Мішра - Р.в. Джаґаннатха Мішри,,,,,,
ашрам (+ Р.в.?),ашрам; Р.в. - ашраму,-у,,,,,
"/вайшнава-сампрадая/ (як складні терміни зі словом ""йоґа"") чи вайшнава-/сампрадая/ (як назви чотирьох сампрадай)",вайшнава-сампрадая  (або вайшнавська сампрадая),,,,,,
У “Кшіра-чора-ґопінатх” відмінюємо тільки “ґопінатх”?,Кшіра-чора-ґопінатх - відмінюємо тільки останнє слово,"Тільки “ґопінатх”, бо це підрядне словосполучення",,,,,
"Cuttack - це ""Каттак"" чи ""Куттак""?
і у вступі до ШБ Cuttack це - місто (з закінченням -а в Р.в.) чи просторова реалія (область) (з закінченням -у в Р.в.)?",Каттак (Р.в. Каттака - як Києва),"Завжди Каттак, ніхто не пропонує Куттак (з -у- це англ. транскрипція короткого -а-) . В багатьох місцях зазначено, що Сакші Ґопал був у місті Каттак.",,,,,
"Naisada (В 5.1.40 йдеться про те, що з мертвого тіла батька Махараджа Прітху, спочатку народився чорношкірий чоловік Нішада і його нащадками були - найшади.
Питання:чи ""найшади"" пишеться з маленької букви і без курсиву? Чи як Муні з великої?)",найшади (як назва племені),,,,,,
гхі,ґгі,,,,,,
махат-таттва,махат-таттва,,,,,,
Шрі Шрі Радга-Мадгава (Радга-Крішна) -  Д.в. Шрі Шрі Радзі-Мадгаві (Радзі-Крішні)?,Шрі Шрі Радга-Мадгава (Радга-Крішна) -  Д.в.: поклони Шрі Шрі Радзі-Мадгаві (Радзі-Крішні),,,,,,
Шрі Нрісімха-пранама,"Шрі Нрісімха-пранама (як заголовок, коли ж у тексті це як назва молитви, то беремо в лапки ""Шрі Нрісімха-пранама"")",,,,,,
Шрі туласі кіртан,"Шрі Туласі-кіртан (як заголовок, коли ж у тексті це як назва молитви, то беремо в лапки ""Шрі Туласі-кіртан"")",,,,,,
Шрі ґуру вандана,"Шрі Ґуру-вандана (як заголовок, коли ж у тексті це як назва молитви, то беремо в лапки ""Шрі Ґуру-вандана"")",,,,,,
Pathans - це “патхани” без курсиву та з малої? Або ж це “пуштуни”?,"патхани (пуштуни) - пишемо обидва слова, використовуємо в дужках пояснення",,,,,,
"ар’яни (арії) - пишемо обидва слова: Кожен відданий, який повторює святе ім’я Господа, належить до найкращих серед ар’янів (аріїв). Tой, хто не вивчив Веди, не може стати ар’яном (арієм)... ","ар’яни (арії) - пишемо обидва слова: Кожен відданий, який повторює святе ім’я Господа, належить до найкращих серед ар’янів (аріїв). Tой, хто не вивчив Веди, не може стати ар’яном (арієм)... Якщо термін повторюється в одному вірші, то недоречно щоразу писати ""ар’яни (арії)"", тут достатньо 1 слова - ар'яни",,,,,,
санкіртана,санкіртана,,,,,,
кіртан (+ Р.в.),кіртан (Р.в. - кіртану),,,,,,
Шрі Туласі-пранама,Шрі Туласі-пранама,,,,,,
Туласі-Деві ,Туласі-деві ,,,,,,
Шрі Туласі прадакшина мантра ,Шрі Туласі-прадакшіна-мантра,,,,,,
раса,раса,,,,,,
пуджа,пуджа,,,,,,
"кунджа (гай, ліс, де були ігри Крішни)",кунджа,,,,,,
шастра,шастра,,,,,,
Гаура-араті,Ґаура-араті,,,,,,
араті,араті,,,,,,
Джахнаві (Ґанґа),Джахнаві (Ґанґа),,,,,,
Ґададгара,Ґададгар,,,,,,
чамар,чамара,,,,,,
Санджая Пандіт,Санджай Пандіт,,,,,,
Мукунда Датта ,Мукунда Датта ,,,,,,
Васу Ґг(Гх)ош,Васу Ґгош,,,,,,
Нарахарі Саракара ,Нарахарі Саркар ,,,,,,
каратали,каратали,,,,,,
«Ґітавалі»,«Ґітавалі»,,,,,,
Врадж (див. п. 310),Врадж (Р.в. Враджу),,,,,,
Прасада-севая,"""Прасада-севая"" (як молитва в лапках)",,,,,,
"пранаті (Шріла Бгактісіддганта Сарасваті пранаті, Шріла Гауракішора пранаті, Шріла Бгактівінода пранаті)","пранаті (Шріла Бгактісіддганта Сарасваті пранаті, Шріла Гауракішор пранаті, Шріла Бгактівінод пранаті)",,,,,,
Шрі Варшабханаві-деві-даята дас,Шрі Варшабганаві-деві-даїта дас,,,,,,
Саччідананда Бгактівінода,Саччідананда Бгактівінод,,,,,,
"Адіті, Марути","Адіті, Марути (як прізвища)",,,,,,
Rāḍha-deśa як правильно писати? Радга-деш? Радгадеш? Чи з -а?,Радгадеш,,,,,,
"Аніруддга чи Анірудга (+ ""Загальні правила"" - п. 35)",Аніруддга,Аніруддга,,,,,
Gaṇeśa - це Ґанеша чи Ґанеш?,Ґанеша,Ґанеша,,,,,
Сваямбгува-манвантара,Сваямбгува-манвантара,,,,,,
"zamindar (1.8.27
Śrīla Raghunātha dāsa Gosvāmī was the son of a big zamindar of his time.)",заміндар,заміндар,,,,,
Ґаутама-ґотра (курсив?),Ґаутама-ґотра,,,,,,
Уттар Прадеш (Р.в. Уттар Прадешу? Уттар-Прадешу),Уттар-Прадеш (Р.в. Уттар-Прадешу),,,,,,
псевдоґуру (та аналогічні випадки пишемо також курсивом?),псевдоґуру / несправжній ґуру  (псевдо + санскритське слово пишемо без курсиву),,"пропоную слова ""псевдо+санскрит"" писати без курсиву",,,,
ґрам’я-матхім (чуттєве задоволення),ґрамйа-матіх (схильність до чуттєвого задоволення) - з діакритикою,,,,,,
"панчаратріка (наприклад, 1.12.13) пишемо курсивом з малої, а ""Панчаратра"" (наприклад, 1.5.37) в лапках з великої?","панчаратріка, ""Панчаратра""",так,,,,,
Dhanañjaya - це Дгананджай чи Дгананджая?,Дгананджай,,,,,,
Janamejaya - це ж Джанамеджая?,Джанамеджая,,,,,,
Sṛñjaya - це Срінджай чи Срінджая?,Срінджай,,,,,,
"ім'я Шантану змінюємо за відмінками? 

з Махараджем Шантаною чи з Махараджем Шантану?",Шантану - невідмінюване,,,,,,
"Gajāhvaya - це Ґаджахвая чи  Ґаджахвай?

і який у цього слова правильний Р.в.?",Ґаджахвая (Р.в. - Ґаджахваї),,,,,,
форма сач-чід-ананда,"сач-чід-ананда (окремо слова: сат, чіт)",,,,,,
бгоґа,бгоґа,,,,,,
Сваха (Дружина Аґні),Сваха (Дружина Аґні),Сваха (Дружина Аґні),,,,,
"- молитви ""Хамса-ґух'я""
- молитви Хамса-ґух'я  чи
- молитви Хамса-ґух'я?","молитви ""Хамса-ґух'я""",,,,,,
"як правильно писати фразу йоґі та /бгоґі/? (Оригінал
/Yogī/ and /bhogī/)",Як виняток для цієї пари: йоґі та бгоґі,"Як виняток для цієї пари, можна йоґі - бгоґі",,,,,
"Thus we find that in Bhagavad-gītā Lord Kṛṣṇa advises go-rakṣya, the protection of cows.

Як у цьому випадку транслітеруємо go-rakṣya: /ґо-ракшʼя/ чи /ґо-ракшйя/?",ґо-ракшʼя,,,,,,
Як правильно провідміняти сімнадцять /акшаухінів/ чи /акшаухіні/?,акшаухіні - невідмінюване,невідмінюване,,,,,
Guru Mahārāja - це /ґуру махарадж/ чи Ґуру Махарадж?,ґуру махарадж,,,,,,
"""Шікшаштака"" при словозміні ""Шікшаштаці""?","""Шікшаштака"" - Д.в. ""Шікшаштаці""",,,,,,
mataji,матаджі,,,,,,
Demon Maya Danava ,демон Мая Данава,,,,,,
yoga-maya ,йоґамая,,,,,,
"Скажіть, будь ласка, чи правильно у цьому реченні написано «/Йоґа-маї/»: «Оскільки Господь − Вішватма, він одразу ж наказав /Йоґа-маї/ захистити Девакі»? ",Йоґамая (особа),,,,,,
mahamaya,махамая,,,,,,
Tryakşa ,Тр'якша,,,,,,
Одиницю виміру /лакх/ пишемо курсивом? І відмінюємо /лакхів/? 9.20.28,"лакх, лакхів",,,,,,
,"крор, крорів",,,,,,
Trayyāruṇi ,Трайяруні,,,,,,
варна,варна,,,,,,
Tantra-sara,"""Тантра-сара""",,,,,,
"ШБ 9.17, опис глави. Нащадки династії: Санджай і Джай чи Санджай і Джая? (пам’ятаю, разом із Віджаєю ми перекладали « Джая », а як зробити тут?)","Санджай, Джай",,,,,,
"Чи потрібно писати курсивом слово ""набоб"", як і заміндар?",набоб (це загальновживане слово),,,,,,
Ліла-пурушоттама,ліла-пурушоттама (коли вжито як термін),,,,,,
"ārya - ар'я чи арія? Therefore a Vaiṣṇava is always obedient to the spiritual master (ārya). The word ārya refers to one who is advanced in knowledge. One who is deficient in knowledge cannot be called ārya. At the present, however, the word ārya is used to refer to those who are godless. (7.4.31-32)","у цьому вірші доречне використання варіанту ""арій""",,,,,,
non-Āryans,"неар'яни (неарії) - перший раз у тексті вірша пишемо 2 слова, а далі тільки 1 слово - неар'яни. ",,,,,,
Vіra-prabhanjana Matha ,Віра-прабганджана-матх,,,,,,
deva-māyā ,девамая,,,,,,
"правильно пишемо макара-санкранті  і всі інші *-санкранті (з великої, малої, курсивом) 
ШБ 7.14.20-23?","Макара-санкранті (те саме написання стосується й інших ""-санкранті"")",,,,,,
Para-brahman,Парабрахман,,,,,,
Сіта-деві чи Сітадеві?,Сіта-деві,,,,,,
Маха-лакшмі чи Махалакшмі?,Маха-Лакшмі,,,,,,
Yadus - Яду чи Ядави?,"обидва варіанти: Яду, Ядави ",,,,,,
Вішну-таттва (курсив? через дефіс?),вішну-таттва,,,,,,
Дадг’янча (4.1.42) - курсив і з малої чи без курсиву з великої?,"Дадг’янча (у цьому конкретному випадку: обітниця Дадг'янча, обітниця за назвою Дадг'янча)",,,,,,
Himalaya,Гімалаї,,,,,,
Алака-пурі (4.6.23),Алакапурі  (простежити узгодження цього слова з іншими главами),,,,,,
Ґаудія-вайшнава-/сампрадая/,Ґаудія-вайшнава-/сампрадая/,,,,,,
rakhaowala,ракховала,,,,,,
сваха чи свага (вигук під час яґ’ї),сваха,,,,,,
"""Туласі-пранама"". То всі поєднання з ""пранама"" пишемо через дефіс, наприклад, ""Шрі Рупа-пранама""? Також є ""пранаті"" курсивом. У пісеннику в заголовках треба робити слово ""пранаті"" курсивом, наприклад, ""Шріла Бгактівінод /пранаті/""?","поєднання з ""пранама"", ""пранаті"" пишемо через дефіс. У заголовках курсив не використовуємо (див. п. 25 Загальних правил). Тобто заголовок має бути такий: Шрі Рупа-пранама",,,,,,
nimba (neem) tree ,дерево нім,,,,,,
Mahā-puruṣa ,Маха-пуруша,,,,,,
Pratīcī Mahānadī,Пратічі-Маханаді,,,,,,
Kṛṣṇa-dvaipāyana Vyāsa,Крішна-Двайпаяна В'яса,,,,,,
 the mark of Srivatsa,знак Шріватса,,,,,,
,"""Нама-санкіртана""",,,,,,
,"""Ґіта-мала""",,,,,,
"Maithila це Майтхіла чи Маітхіла? Аді-кханда 9, 12",у транслітерації: маітхіла; у транскрипції: Майтхіла,,,,,,
"Мантри Purusa-sukta перекладаємо «Пуруша-сукта» в лапках?
Аді-кханда 9, 15-17",мантри «Пуруша-сукта» (ідеться про назву конкретного гімну),,,,,,
"Як ми пишемо Діґвіджая? З маленької чи великої букви? З курсивом чи без?
Аді-кханда, 13.46",діґвіджай,,,,,,
"Ālbandāru Yāmunācārya? Зустрічав Альвандар Ямуначар'я, Альвандару Ямуначар'я, Албандар Ямуначар'я",Альбандару Ямуначар'я (Р.в. Альбандару Ямуначар'ї; З.в. зустрічав Альбандару Ямуначар'ю),,,,,,
"Kartikeya пишемо з однією ""т""? Чому в деяких мовах із двома?",Картікея,,,,,,
,"""Шатапатха-брахмана""",,,,,,
,"""Тайттірія-брахмана""",,,,,,
,"""Бріхад-араньяка-упанішада""",,,,,,
Kaykeyi,Кайкеї,Кайкеї,,,,,
"Шурпанакха - Д.в. Шурпанаксі? (український аналог: мушка - Д.в. мушці: ""ш"" лишається (не міняється на ""с""), а ""к"" змінюється на ""ц"")",Д.в. Шурпанаці,,,,,,
Phulia (село),Фулія,,,,,,
жертвопринесення Ашвамедга,жертвопринесення ашвамедга,,,,,,
Явана-радж чи Яванрадж?,Яванарадж,,,,,,
лінґам,"лінґам (лінґами, лінґамів, лінґамам)",,,,,,
,Бгаскарешвара-лінґам,,,,,,
,Шіва-лінґам,,,,,,
Сома-радж? Сомарадж? (4.22.56),Сомарадж,,,,,,
Ґандгарва-радж? Ґандгарварадж? (4.27.15),Ґандгарварадж,,,,,,
«Шад-ґосвамй-аштака»,«Шад-ґосвамй-аштака»,,,,,,
«Шад-ґосвамі-стотра»,«Шад-ґосвамі-стотра»,,,,,,
Парваті-деві? Парватідеві?,Парваті-деві ,,,,,,
Мадгва-Ґаудія-сампрадая,Мадгва-Ґаудія-сампрадая; Брахма-Мадгва-Ґаудія-сампрадая,,,,,,
Дакшіна-панчала (4.25.50),Дакшіна-панчала ,,,,,,
Уттара-панчала (4.25.51),Уттара-панчала,,,,,,
Панча-прастха (4.26.1),Панча-прастха,,,,,,
"ШБ 10.87.16 (пояснення) - ""Баудгаяна-дгарма-шастра""?","""Баудгаяна-дгарма-шастра""",,,,,,
"ШБ 10.87.17 (пояснення) - стадії розвитку /анна-мая/, /прана-мая/, /мано-мая/, /віґ'яна-мая/, /ананда-мая/?","стадії розвитку анна-мая, прана-мая, мано-мая, віґ'яна-мая, ананда-мая",,,,,,
ШБ 10.87.18 - слово Arunis передаємо Аруні?,Аруні,,,,,,
"""Маха-Вараха Пурана"" чи ""Маха Вараха Пурана""? ","""Маха-Вараха Пурана"" ",,,,,,
"""Ґопала-тапані-упанішада""?","""Ґопал-тапані-упанішада""",,,,,,
"Слово ""Nyaya"" передаємо ""ньяя""? ",ньяя,,,,,,
Послідовники /ньяї/ - /ньяїки/? ,ньяїки,,,,,,
"У нашій табличці слово ""mimamsa"" затверджено як ""міманса"". Тоді послідовники /міманси/ - /мімансаки/?",мімансаки,,,,,,
"ШБ 10.87. 25 (пояснення) - тут назви шкіл передаємо з великої букви чи з маленької курсивом? Of the six orthodox philosophies of Vedic tradition — Sāṅkhya, Yoga, Nyāya, Vaiśeṣika, Mīmāṁsā and Vedānta — only the Vedānta of Bādarāyaṇa Vyāsa is free of error","слова на позначення шкіл пишемо з малої літери курсивом: санкх'я, йоґа, ньяя, вайшешіка, міманса, веданта ",,,,,,
церемонія шрад(д)ги (родовий відмінок - як обряд заручин?),церемонія шраддги,,,,,,
Nārada-pañcarātra - «Нарада-панчаратра» чи «Нарада Панчаратра» ,«Нарада-панчаратра»,,,,,,
девʼять Йоґендр,девʼять Йоґендр,,,,,,
нава-йоґендри ,нава-йоґендри (Р.в. нава-йоґендр),,,,,,
Р.в. -  Йоґендрів чи Йоґендр?,Йоґендра (Р.в. мн. Йоґендр),,,,,,
Ґаурасундара,Ґаурасундара,,,,,,
fifteen Sāmidhenī mantras - назва мантр з маленької букви курсивом чи без курсиву з великої букви (6.4.27-28),п'ятнадцять мантр самідгені,,,,,,
Maha-Purana,Маха-Пурана,,,,,,
Siva-jvara,назва мантри - шіва-джвара; назва особи - Шіва-джвара,,,,,,
Vaikuntha Narayana ,Вайкунтха-Нараяна,,,,,,
Asvini-kumaras,Ашвіні-кумари,,,,,,
Tantra Bhagavata ,"""Тантра-бгаґавата""",,,,,,
Чайтанья-бгаґавата,"""Чайтанья-бгаґавата""",,,,,,
Brhad-visnu Purana,"""Бріхад Вішну Пурана""",,,,,,
Prema-vivarta,"""Према-віварта""",,,,,,
"prākṛta-sahajiyās (у ""Чайтанья-бгаґаваті"": the community of foolish prākṛta-sahajiyās)",пракріта-сахаджії (Р. в. пракріта-сахаджій),,,,,,
чапаті,"чапаті (див. Загальні правила, п. 114)",,,,,,
панір,"панір  (див. Загальні правила, п. 114)",,,,,,
дал,"дал (див. Загальні правила, п. 114)",,,,,,
масала,"масала (див. Загальні правила, п. 114)",,,,,,
,намачар'я,,,,,,
,«Сатвата Тантра» ,,,,,,
,нама-хатта,,,,,,
,кантхімала,,,,,,
,В'яса-пуджа,,,,,,
,«Бріхан-нарадія Пурана»,,,,,,
,«Бріхад-араньяка-упанішада»,,,,,,